url,product_id,category
https://www.amazon.com/Melissa-Doug-Activity-Child-Safe-Scissors/dp/B00EJAEUBC/ref=zg_bs_toys-and-games_15/132-3105173-9301645?_encoding=UTF8&psc=1&refRID=BZ10YZJJ1T0QC9YT1AR2,B00EJAEUBC,"{'name': 'toys-and-games', 'url': 'https://www.amazon.com/Best-Sellers-Toys-Games/zgbs/toys-and-games/'}"
https://www.amazon.com/Munchkin-17040-Fishin-Bath-Toy/dp/B01N52DUNK/ref=zg_bs_toys-and-games_48/132-3105173-9301645?_encoding=UTF8&psc=1&refRID=BZ10YZJJ1T0QC9YT1AR2,B01N52DUNK,"{'name': 'toys-and-games', 'url': 'https://www.amazon.com/Best-Sellers-Toys-Games/zgbs/toys-and-games/'}"
https://www.amazon.com/Play-Doh-Modeling-Compound-Non-Toxic-Exclusive/dp/B00JM5GZGW/ref=zg_bs_toys-and-games_17/132-3105173-9301645?_encoding=UTF8&psc=1&refRID=BZ10YZJJ1T0QC9YT1AR2,B00JM5GZGW,"{'name': 'toys-and-games', 'url': 'https://www.amazon.com/Best-Sellers-Toys-Games/zgbs/toys-and-games/'}"
https://www.amazon.com/Crayola-Washable-Special-Sidewalk-Anti-Roll/dp/B00PY47LHW/ref=zg_bs_toys-and-games_42/132-3105173-9301645?_encoding=UTF8&psc=1&refRID=BZ10YZJJ1T0QC9YT1AR2,B00PY47LHW,"{'name': 'toys-and-games', 'url': 'https://www.amazon.com/Best-Sellers-Toys-Games/zgbs/toys-and-games/'}"
https://www.amazon.com/Bunch-Balloons-Pack-Amazon-Exclusive/dp/B07GW2QQWN/ref=zg_bs_toys-and-games_28/132-3105173-9301645?_encoding=UTF8&psc=1&refRID=BZ10YZJJ1T0QC9YT1AR2,B07GW2QQWN,"{'name': 'toys-and-games', 'url': 'https://www.amazon.com/Best-Sellers-Toys-Games/zgbs/toys-and-games/'}"
https://www.amazon.com/Crayola-Twistables-Classrooms-Preschools-Self-Sharpening/dp/B00062J99K/ref=zg_bs_toys-and-games_8/132-3105173-9301645?_encoding=UTF8&psc=1&refRID=BZ10YZJJ1T0QC9YT1AR2,B00062J99K,"{'name': 'toys-and-games', 'url': 'https://www.amazon.com/Best-Sellers-Toys-Games/zgbs/toys-and-games/'}"
https://www.amazon.com/Melissa-Doug-Decorate-Your-Own-Butterfly-Magnets/dp/B00Y8YOVOA/ref=zg_bs_toys-and-games_12/132-3105173-9301645?_encoding=UTF8&psc=1&refRID=BZ10YZJJ1T0QC9YT1AR2,B00Y8YOVOA,"{'name': 'toys-and-games', 'url': 'https://www.amazon.com/Best-Sellers-Toys-Games/zgbs/toys-and-games/'}"
https://www.amazon.com/Step2-874600-Showers-Playset-Multi-Colored/dp/B01K1K0K6M/ref=zg_bs_toys-and-games_6/132-3105173-9301645?_encoding=UTF8&psc=1&refRID=BZ10YZJJ1T0QC9YT1AR2,B01K1K0K6M,"{'name': 'toys-and-games', 'url': 'https://www.amazon.com/Best-Sellers-Toys-Games/zgbs/toys-and-games/'}"
https://www.amazon.com/Insect-Lore-Butterfly-Growing-Kit/dp/B00000ISC5/ref=zg_bs_toys-and-games_3/132-3105173-9301645?_encoding=UTF8&psc=1&refRID=BZ10YZJJ1T0QC9YT1AR2,B00000ISC5,"{'name': 'toys-and-games', 'url': 'https://www.amazon.com/Best-Sellers-Toys-Games/zgbs/toys-and-games/'}"
https://www.amazon.com/Crayola-Outdoor-Glitter-Sidewalk-Summer/dp/B00PY47F8M/ref=zg_bs_toys-and-games_16/132-3105173-9301645?_encoding=UTF8&psc=1&refRID=BZ10YZJJ1T0QC9YT1AR2,B00PY47F8M,"{'name': 'toys-and-games', 'url': 'https://www.amazon.com/Best-Sellers-Toys-Games/zgbs/toys-and-games/'}"
https://www.amazon.com/Learning-Resources-Spike-Hedgehog-Sensory/dp/B078WM314M/ref=zg_bs_toys-and-games_33/132-3105173-9301645?_encoding=UTF8&psc=1&refRID=BZ10YZJJ1T0QC9YT1AR2,B078WM314M,"{'name': 'toys-and-games', 'url': 'https://www.amazon.com/Best-Sellers-Toys-Games/zgbs/toys-and-games/'}"
https://www.amazon.com/Battleship-Planes-Strategy-Amazon-Exclusive/dp/B06Y1N3PTX/ref=zg_bs_toys-and-games_22/132-3105173-9301645?_encoding=UTF8&psc=1&refRID=BZ10YZJJ1T0QC9YT1AR2,B06Y1N3PTX,"{'name': 'toys-and-games', 'url': 'https://www.amazon.com/Best-Sellers-Toys-Games/zgbs/toys-and-games/'}"
https://www.amazon.com/Creativity-Kids-Grow-Glow-Terrarium/dp/B00I9KDFK0/ref=zg_bs_toys-and-games_9/132-3105173-9301645?_encoding=UTF8&psc=1&refRID=BZ10YZJJ1T0QC9YT1AR2,B00I9KDFK0,"{'name': 'toys-and-games', 'url': 'https://www.amazon.com/Best-Sellers-Toys-Games/zgbs/toys-and-games/'}"
https://www.amazon.com/Jenga-A2120EU4-Classic-Game/dp/B00ABA0ZOA/ref=zg_bs_toys-and-games_1/132-3105173-9301645?_encoding=UTF8&psc=1&refRID=BZ10YZJJ1T0QC9YT1AR2,B00ABA0ZOA,"{'name': 'toys-and-games', 'url': 'https://www.amazon.com/Best-Sellers-Toys-Games/zgbs/toys-and-games/'}"
https://www.amazon.com/Play-Doh-A5417-Sparkle-Compound-Collection/dp/B00IGNWYNE/ref=zg_bs_toys-and-games_5/132-3105173-9301645?_encoding=UTF8&psc=1&refRID=BZ10YZJJ1T0QC9YT1AR2,B00IGNWYNE,"{'name': 'toys-and-games', 'url': 'https://www.amazon.com/Best-Sellers-Toys-Games/zgbs/toys-and-games/'}"
https://www.amazon.com/Melissa-Doug-Pretend-Frustration-Free-Packaging/dp/B07PBXRJ7G/ref=zg_bs_toys-and-games_43/132-3105173-9301645?_encoding=UTF8&psc=1&refRID=BZ10YZJJ1T0QC9YT1AR2,B07PBXRJ7G,"{'name': 'toys-and-games', 'url': 'https://www.amazon.com/Best-Sellers-Toys-Games/zgbs/toys-and-games/'}"
https://www.amazon.com/Jenga-A2120EU4-Classic-Game/dp/B00ABA0ZOA/ref=zg_bs_toys-and-games_map_1/132-3105173-9301645?_encoding=UTF8&psc=1&refRID=BZ10YZJJ1T0QC9YT1AR2,B00ABA0ZOA,"{'name': 'toys-and-games', 'url': 'https://www.amazon.com/Best-Sellers-Toys-Games/zgbs/toys-and-games/'}"
https://www.amazon.com/Crayola-Washable-Glitter-Exclusive-Stocking/dp/B07BYWS5XW/ref=zg_bs_toys-and-games_32/132-3105173-9301645?_encoding=UTF8&psc=1&refRID=BZ10YZJJ1T0QC9YT1AR2,B07BYWS5XW,"{'name': 'toys-and-games', 'url': 'https://www.amazon.com/Best-Sellers-Toys-Games/zgbs/toys-and-games/'}"
https://www.amazon.com/L-L-Surprise-Candylicious-Multicolor/dp/B07XSQ3BYJ/ref=zg_bs_toys-and-games_47/132-3105173-9301645?_encoding=UTF8&psc=1&refRID=BZ10YZJJ1T0QC9YT1AR2,B07XSQ3BYJ,"{'name': 'toys-and-games', 'url': 'https://www.amazon.com/Best-Sellers-Toys-Games/zgbs/toys-and-games/'}"
https://www.amazon.com/FoxPrint-Princess-conveniently-Carrying-Foldable/dp/B0120XRWLE/ref=zg_bs_toys-and-games_34/132-3105173-9301645?_encoding=UTF8&psc=1&refRID=BZ10YZJJ1T0QC9YT1AR2,B0120XRWLE,"{'name': 'toys-and-games', 'url': 'https://www.amazon.com/Best-Sellers-Toys-Games/zgbs/toys-and-games/'}"
https://www.amazon.com/Taco-Cat-Goat-Cheese-Pizza/dp/B077Z1R28P/ref=zg_bs_toys-and-games_30/132-3105173-9301645?_encoding=UTF8&psc=1&refRID=BZ10YZJJ1T0QC9YT1AR2,B077Z1R28P,"{'name': 'toys-and-games', 'url': 'https://www.amazon.com/Best-Sellers-Toys-Games/zgbs/toys-and-games/'}"
https://www.amazon.com/Crayola-Crayons-Assorted-Toddler-16Count/dp/B07L6VQDSC/ref=zg_bs_toys-and-games_29/132-3105173-9301645?_encoding=UTF8&psc=1&refRID=BZ10YZJJ1T0QC9YT1AR2,B07L6VQDSC,"{'name': 'toys-and-games', 'url': 'https://www.amazon.com/Best-Sellers-Toys-Games/zgbs/toys-and-games/'}"
https://www.amazon.com/Crayola-Twistables-Colored-Exclusive-Stocking/dp/B07D4RN9NH/ref=zg_bs_toys-and-games_36/132-3105173-9301645?_encoding=UTF8&psc=1&refRID=BZ10YZJJ1T0QC9YT1AR2,B07D4RN9NH,"{'name': 'toys-and-games', 'url': 'https://www.amazon.com/Best-Sellers-Toys-Games/zgbs/toys-and-games/'}"
https://www.amazon.com/Nuby-Floating-Purple-Octopus-Interactive/dp/B083ZZSGLR/ref=zg_bs_toys-and-games_49/132-3105173-9301645?_encoding=UTF8&psc=1&refRID=BZ10YZJJ1T0QC9YT1AR2,B083ZZSGLR,"{'name': 'toys-and-games', 'url': 'https://www.amazon.com/Best-Sellers-Toys-Games/zgbs/toys-and-games/'}"
https://www.amazon.com/LEGO-Classic-Medium-Creative-Brick/dp/B00NHQFA1I/ref=zg_bs_toys-and-games_19/132-3105173-9301645?_encoding=UTF8&psc=1&refRID=BZ10YZJJ1T0QC9YT1AR2,B00NHQFA1I,"{'name': 'toys-and-games', 'url': 'https://www.amazon.com/Best-Sellers-Toys-Games/zgbs/toys-and-games/'}"
https://www.amazon.com/Hasbro-A5640-Connect-4-Game/dp/B00D8STBHY/ref=zg_bs_toys-and-games_2/132-3105173-9301645?_encoding=UTF8&psc=1&refRID=BZ10YZJJ1T0QC9YT1AR2,B00D8STBHY,"{'name': 'toys-and-games', 'url': 'https://www.amazon.com/Best-Sellers-Toys-Games/zgbs/toys-and-games/'}"
https://www.amazon.com/Aqua-Monterey-Multi-Purpose-Inflatable-Portable/dp/B073WMYP6M/ref=zg_bs_toys-and-games_26/132-3105173-9301645?_encoding=UTF8&psc=1&refRID=BZ10YZJJ1T0QC9YT1AR2,B073WMYP6M,"{'name': 'toys-and-games', 'url': 'https://www.amazon.com/Best-Sellers-Toys-Games/zgbs/toys-and-games/'}"
https://www.amazon.com/SplashEZ-Sprinkler-Splash-Wading-Learning/dp/B07MNMT3M7/ref=zg_bs_toys-and-games_23/132-3105173-9301645?_encoding=UTF8&psc=1&refRID=BZ10YZJJ1T0QC9YT1AR2,B07MNMT3M7,"{'name': 'toys-and-games', 'url': 'https://www.amazon.com/Best-Sellers-Toys-Games/zgbs/toys-and-games/'}"
https://www.amazon.com/Creative-Roots-Stepping-Horizon-Assorted/dp/B07HSJ5R7V/ref=zg_bs_toys-and-games_50/132-3105173-9301645?_encoding=UTF8&psc=1&refRID=BZ10YZJJ1T0QC9YT1AR2,B07HSJ5R7V,"{'name': 'toys-and-games', 'url': 'https://www.amazon.com/Best-Sellers-Toys-Games/zgbs/toys-and-games/'}"
https://www.amazon.com/Postage-Stamps-envelopes-Wayne-Global/dp/B081J497K2/ref=zg_bs_toys-and-games_44/132-3105173-9301645?_encoding=UTF8&psc=1&refRID=BZ10YZJJ1T0QC9YT1AR2,B081J497K2,"{'name': 'toys-and-games', 'url': 'https://www.amazon.com/Best-Sellers-Toys-Games/zgbs/toys-and-games/'}"
https://www.amazon.com/Kinetic-Sand-Beach-Kingdom-Playset/dp/B079P87RVB/ref=zg_bs_toys-and-games_41/132-3105173-9301645?_encoding=UTF8&psc=1&refRID=BZ10YZJJ1T0QC9YT1AR2,B079P87RVB,"{'name': 'toys-and-games', 'url': 'https://www.amazon.com/Best-Sellers-Toys-Games/zgbs/toys-and-games/'}"
https://www.amazon.com/Hasbro-B0965-Monopoly-Deal-Card/dp/B00NQQTZCO/ref=zg_bs_toys-and-games_18/132-3105173-9301645?_encoding=UTF8&psc=1&refRID=BZ10YZJJ1T0QC9YT1AR2,B00NQQTZCO,"{'name': 'toys-and-games', 'url': 'https://www.amazon.com/Best-Sellers-Toys-Games/zgbs/toys-and-games/'}"
https://www.amazon.com/LEGO-Classic-Green-Baseplate-Supplement/dp/B00NHQF65S/ref=zg_bs_toys-and-games_14/132-3105173-9301645?_encoding=UTF8&psc=1&refRID=BZ10YZJJ1T0QC9YT1AR2,B00NHQF65S,"{'name': 'toys-and-games', 'url': 'https://www.amazon.com/Best-Sellers-Toys-Games/zgbs/toys-and-games/'}"
https://www.amazon.com/ThinkFun-Zingo-Winning-Pre-Readers-Readers/dp/B01DY818JG/ref=zg_bs_toys-and-games_46/132-3105173-9301645?_encoding=UTF8&psc=1&refRID=BZ10YZJJ1T0QC9YT1AR2,B01DY818JG,"{'name': 'toys-and-games', 'url': 'https://www.amazon.com/Best-Sellers-Toys-Games/zgbs/toys-and-games/'}"
https://www.amazon.com/Elmers-Liquid-Glitter-Washable-Assorted/dp/B008M56YZU/ref=zg_bs_toys-and-games_39/132-3105173-9301645?_encoding=UTF8&psc=1&refRID=BZ10YZJJ1T0QC9YT1AR2,B008M56YZU,"{'name': 'toys-and-games', 'url': 'https://www.amazon.com/Best-Sellers-Toys-Games/zgbs/toys-and-games/'}"
https://www.amazon.com/SunWorks-Construction-Paper-White-Sheets/dp/B0017OHG1O/ref=zg_bs_toys-and-games_35/132-3105173-9301645?_encoding=UTF8&psc=1&refRID=BZ10YZJJ1T0QC9YT1AR2,B0017OHG1O,"{'name': 'toys-and-games', 'url': 'https://www.amazon.com/Best-Sellers-Toys-Games/zgbs/toys-and-games/'}"
https://www.amazon.com/Cards-Against-Humanity-LLC-CAHUS/dp/B004S8F7QM/ref=zg_bs_toys-and-games_13/132-3105173-9301645?_encoding=UTF8&psc=1&refRID=BZ10YZJJ1T0QC9YT1AR2,B004S8F7QM,"{'name': 'toys-and-games', 'url': 'https://www.amazon.com/Best-Sellers-Toys-Games/zgbs/toys-and-games/'}"
https://www.amazon.com/SunWorks-Construction-Assorted-Colors-Sheets/dp/B0017OJKLI/ref=zg_bs_toys-and-games_45/132-3105173-9301645?_encoding=UTF8&psc=1&refRID=BZ10YZJJ1T0QC9YT1AR2,B0017OJKLI,"{'name': 'toys-and-games', 'url': 'https://www.amazon.com/Best-Sellers-Toys-Games/zgbs/toys-and-games/'}"
https://www.amazon.com/Regal-Games-Chalk-City-Washable/dp/B071CKSMS7/ref=zg_bs_toys-and-games_4/132-3105173-9301645?_encoding=UTF8&psc=1&refRID=BZ10YZJJ1T0QC9YT1AR2,B071CKSMS7,"{'name': 'toys-and-games', 'url': 'https://www.amazon.com/Best-Sellers-Toys-Games/zgbs/toys-and-games/'}"
https://www.amazon.com/Chalk-Jumbo-Sidewalk-Count-colors/dp/B079WL9MXC/ref=zg_bs_toys-and-games_31/132-3105173-9301645?_encoding=UTF8&psc=1&refRID=BZ10YZJJ1T0QC9YT1AR2,B079WL9MXC,"{'name': 'toys-and-games', 'url': 'https://www.amazon.com/Best-Sellers-Toys-Games/zgbs/toys-and-games/'}"
https://www.amazon.com/L-L-Surprise-Sparkle-Multicolor/dp/B07PQVRPR1/ref=zg_bs_toys-and-games_11/132-3105173-9301645?_encoding=UTF8&psc=1&refRID=BZ10YZJJ1T0QC9YT1AR2,B07PQVRPR1,"{'name': 'toys-and-games', 'url': 'https://www.amazon.com/Best-Sellers-Toys-Games/zgbs/toys-and-games/'}"
https://www.amazon.com/First-Years-Stack-Up-Cups/dp/B00005C5H4/ref=zg_bs_toys-and-games_27/132-3105173-9301645?_encoding=UTF8&psc=1&refRID=BZ10YZJJ1T0QC9YT1AR2,B00005C5H4,"{'name': 'toys-and-games', 'url': 'https://www.amazon.com/Best-Sellers-Toys-Games/zgbs/toys-and-games/'}"
https://www.amazon.com/L-L-Surprise-Surprises-Including/dp/B07XSPCBVP/ref=zg_bs_toys-and-games_24/132-3105173-9301645?_encoding=UTF8&psc=1&refRID=BZ10YZJJ1T0QC9YT1AR2,B07XSPCBVP,"{'name': 'toys-and-games', 'url': 'https://www.amazon.com/Best-Sellers-Toys-Games/zgbs/toys-and-games/'}"
https://www.amazon.com/Crayola-Washable-Sidewalk-Outdoor-Exclusive/dp/B00LH1WN4W/ref=zg_bs_toys-and-games_38/132-3105173-9301645?_encoding=UTF8&psc=1&refRID=BZ10YZJJ1T0QC9YT1AR2,B00LH1WN4W,"{'name': 'toys-and-games', 'url': 'https://www.amazon.com/Best-Sellers-Toys-Games/zgbs/toys-and-games/'}"
https://www.amazon.com/Crayola-Erasable-Non-Toxic-Pre-Sharpened-Gradation/dp/B000PCWKBA/ref=zg_bs_toys-and-games_20/132-3105173-9301645?_encoding=UTF8&psc=1&refRID=BZ10YZJJ1T0QC9YT1AR2,B000PCWKBA,"{'name': 'toys-and-games', 'url': 'https://www.amazon.com/Best-Sellers-Toys-Games/zgbs/toys-and-games/'}"
https://www.amazon.com/Crayola-Washable-Watercolors-8-ea/dp/B000HHKAE2/ref=zg_bs_toys-and-games_21/132-3105173-9301645?_encoding=UTF8&psc=1&refRID=BZ10YZJJ1T0QC9YT1AR2,B000HHKAE2,"{'name': 'toys-and-games', 'url': 'https://www.amazon.com/Best-Sellers-Toys-Games/zgbs/toys-and-games/'}"
https://www.amazon.com/Crayola-Colored-Pre-sharpened-Coloring-Stocking/dp/B018HB2QFU/ref=zg_bs_toys-and-games_10/132-3105173-9301645?_encoding=UTF8&psc=1&refRID=BZ10YZJJ1T0QC9YT1AR2,B018HB2QFU,"{'name': 'toys-and-games', 'url': 'https://www.amazon.com/Best-Sellers-Toys-Games/zgbs/toys-and-games/'}"
https://www.amazon.com/Little-Tikes-Spiralin-Waterpark-Table/dp/B004INDQWY/ref=zg_bs_toys-and-games_37/132-3105173-9301645?_encoding=UTF8&psc=1&refRID=BZ10YZJJ1T0QC9YT1AR2,B004INDQWY,"{'name': 'toys-and-games', 'url': 'https://www.amazon.com/Best-Sellers-Toys-Games/zgbs/toys-and-games/'}"
https://www.amazon.com/Darice-Solution-Top-Works-Machines-Birthdays/dp/B07RYBB4NZ/ref=zg_bs_toys-and-games_7/132-3105173-9301645?_encoding=UTF8&psc=1&refRID=BZ10YZJJ1T0QC9YT1AR2,B07RYBB4NZ,"{'name': 'toys-and-games', 'url': 'https://www.amazon.com/Best-Sellers-Toys-Games/zgbs/toys-and-games/'}"
https://www.amazon.com/Crayola-Markers-Assorted-Colors-Coloring/dp/B01C64BASI/ref=zg_bs_toys-and-games_40/132-3105173-9301645?_encoding=UTF8&psc=1&refRID=BZ10YZJJ1T0QC9YT1AR2,B01C64BASI,"{'name': 'toys-and-games', 'url': 'https://www.amazon.com/Best-Sellers-Toys-Games/zgbs/toys-and-games/'}"
https://www.amazon.com/Disney-Princess-Necklace-Activity-Set/dp/B0747ZGTTG/ref=zg_bs_toys-and-games_25/132-3105173-9301645?_encoding=UTF8&psc=1&refRID=BZ10YZJJ1T0QC9YT1AR2,B0747ZGTTG,"{'name': 'toys-and-games', 'url': 'https://www.amazon.com/Best-Sellers-Toys-Games/zgbs/toys-and-games/'}"
https://www.amazon.com/Wyze-Indoor-Wireless-Detection-Assistant/dp/B076H3SRXG/ref=zg_bs_electronics_16?_encoding=UTF8&psc=1&refRID=GGNJR9AXHDW7SAG05ZFQ,B076H3SRXG,"{'name': 'electronics', 'url': 'https://www.amazon.com/Best-Sellers-Electronics/zgbs/electronics/'}"
https://www.amazon.com/amFilm-Tempered-Screen-Protector-Nintendo-Switch/dp/B01N3ASPNV/ref=zg_bs_electronics_39?_encoding=UTF8&psc=1&refRID=GGNJR9AXHDW7SAG05ZFQ,B01N3ASPNV,"{'name': 'electronics', 'url': 'https://www.amazon.com/Best-Sellers-Electronics/zgbs/electronics/'}"
https://www.amazon.com/Fire-HD-10/dp/B07K1RZWMC/ref=zg_bs_electronics_18?_encoding=UTF8&psc=1&refRID=GGNJR9AXHDW7SAG05ZFQ,B07K1RZWMC,"{'name': 'electronics', 'url': 'https://www.amazon.com/Best-Sellers-Electronics/zgbs/electronics/'}"
https://www.amazon.com/all-new-Echo/dp/B07R1CXKN7/ref=zg_bs_electronics_42?_encoding=UTF8&psc=1&refRID=GGNJR9AXHDW7SAG05ZFQ,B07R1CXKN7,"{'name': 'electronics', 'url': 'https://www.amazon.com/Best-Sellers-Electronics/zgbs/electronics/'}"
https://www.amazon.com/TCL-40S325-Inch-1080p-Smart/dp/B07GB61TQR/ref=zg_bs_electronics_28?_encoding=UTF8&psc=1&refRID=GGNJR9AXHDW7SAG05ZFQ,B07GB61TQR,"{'name': 'electronics', 'url': 'https://www.amazon.com/Best-Sellers-Electronics/zgbs/electronics/'}"
https://www.amazon.com/Fujifilm-INSTAX-Instant-Sheets-Cameras/dp/B06W5JYQX1/ref=zg_bs_electronics_47?_encoding=UTF8&psc=1&refRID=GGNJR9AXHDW7SAG05ZFQ,B06W5JYQX1,"{'name': 'electronics', 'url': 'https://www.amazon.com/Best-Sellers-Electronics/zgbs/electronics/'}"
https://www.amazon.com/Roku-Streaming-Stick-HDR-Streaming-Long-range/dp/B075XLWML4/ref=zg_bs_electronics_6?_encoding=UTF8&psc=1&refRID=GGNJR9AXHDW7SAG05ZFQ,B075XLWML4,"{'name': 'electronics', 'url': 'https://www.amazon.com/Best-Sellers-Electronics/zgbs/electronics/'}"
https://www.amazon.com/TCL-55S425-inch-Smart-Roku/dp/B07JJZPZNS/ref=zg_bs_electronics_37?_encoding=UTF8&psc=1&refRID=GGNJR9AXHDW7SAG05ZFQ,B07JJZPZNS,"{'name': 'electronics', 'url': 'https://www.amazon.com/Best-Sellers-Electronics/zgbs/electronics/'}"
https://www.amazon.com/Echo-Dot-3rd-Gen-speaker/dp/B07W95GZNH/ref=zg_bs_electronics_9?_encoding=UTF8&psc=1&refRID=GGNJR9AXHDW7SAG05ZFQ,B07W95GZNH,"{'name': 'electronics', 'url': 'https://www.amazon.com/Best-Sellers-Electronics/zgbs/electronics/'}"
https://www.amazon.com/Fire-TV-Stick-4K-with-Alexa-Voice-Remote/dp/B079QHML21/ref=zg_bs_electronics_3?_encoding=UTF8&psc=1&refRID=GGNJR9AXHDW7SAG05ZFQ,B079QHML21,"{'name': 'electronics', 'url': 'https://www.amazon.com/Best-Sellers-Electronics/zgbs/electronics/'}"
https://www.amazon.com/Roku-Premiere-HDR-Streaming-Player-Premium/dp/B07HDBZN7Q/ref=zg_bs_electronics_12?_encoding=UTF8&psc=1&refRID=GGNJR9AXHDW7SAG05ZFQ,B07HDBZN7Q,"{'name': 'electronics', 'url': 'https://www.amazon.com/Best-Sellers-Electronics/zgbs/electronics/'}"
https://www.amazon.com/Introducing-Echo-Show-Compact-Charcoal/dp/B07HZLHPKP/ref=zg_bs_electronics_35?_encoding=UTF8&psc=1&refRID=GGNJR9AXHDW7SAG05ZFQ,B07HZLHPKP,"{'name': 'electronics', 'url': 'https://www.amazon.com/Best-Sellers-Electronics/zgbs/electronics/'}"
https://www.amazon.com/TR-Industrial-TR88302-Multi-Purpose-Cable/dp/B01018DC96/ref=zg_bs_electronics_33?_encoding=UTF8&psc=1&refRID=GGNJR9AXHDW7SAG05ZFQ,B01018DC96,"{'name': 'electronics', 'url': 'https://www.amazon.com/Best-Sellers-Electronics/zgbs/electronics/'}"
https://www.amazon.com/Fire-7-Kids-Edition-Tablet/dp/B07H8WS1FT/ref=zg_bs_electronics_38?_encoding=UTF8&psc=1&refRID=GGNJR9AXHDW7SAG05ZFQ,B07H8WS1FT,"{'name': 'electronics', 'url': 'https://www.amazon.com/Best-Sellers-Electronics/zgbs/electronics/'}"
https://www.amazon.com/TCL-50S425-inch-Smart-Roku/dp/B07JK98NNQ/ref=zg_bs_electronics_46?_encoding=UTF8&psc=1&refRID=GGNJR9AXHDW7SAG05ZFQ,B07JK98NNQ,"{'name': 'electronics', 'url': 'https://www.amazon.com/Best-Sellers-Electronics/zgbs/electronics/'}"
https://www.amazon.com/Fire-TV-Stick-with-Alexa-Voice-Remote/dp/B0791TX5P5/ref=zg_bs_electronics_1?_encoding=UTF8&psc=1&refRID=GGNJR9AXHDW7SAG05ZFQ,B0791TX5P5,"{'name': 'electronics', 'url': 'https://www.amazon.com/Best-Sellers-Electronics/zgbs/electronics/'}"
https://www.amazon.com/All-new-Kindle-Paperwhite-Waterproof-Storage/dp/B07CXG6C9W/ref=zg_bs_electronics_30?_encoding=UTF8&psc=1&refRID=GGNJR9AXHDW7SAG05ZFQ,B07CXG6C9W,"{'name': 'electronics', 'url': 'https://www.amazon.com/Best-Sellers-Electronics/zgbs/electronics/'}"
https://www.amazon.com/GE-Outlet-Protector-Extension-14092/dp/B00DOMYL24/ref=zg_bs_electronics_19?_encoding=UTF8&psc=1&refRID=GGNJR9AXHDW7SAG05ZFQ,B00DOMYL24,"{'name': 'electronics', 'url': 'https://www.amazon.com/Best-Sellers-Electronics/zgbs/electronics/'}"
https://www.amazon.com/all-new-fire-tv-cube-with-alexa-voice-remote/dp/B07KGVB6D6/ref=zg_bs_electronics_44?_encoding=UTF8&psc=1&refRID=GGNJR9AXHDW7SAG05ZFQ,B07KGVB6D6,"{'name': 'electronics', 'url': 'https://www.amazon.com/Best-Sellers-Electronics/zgbs/electronics/'}"
https://www.amazon.com/All-New-Tablet-Display-Canary-Yellow/dp/B07952VWF2/ref=zg_bs_electronics_13?_encoding=UTF8&psc=1&refRID=GGNJR9AXHDW7SAG05ZFQ,B07952VWF2,"{'name': 'electronics', 'url': 'https://www.amazon.com/Best-Sellers-Electronics/zgbs/electronics/'}"
https://www.amazon.com/Fire-7-Kids-Edition-Tablet/dp/B07H8ZCSL9/ref=zg_bs_electronics_48?_encoding=UTF8&psc=1&refRID=GGNJR9AXHDW7SAG05ZFQ,B07H8ZCSL9,"{'name': 'electronics', 'url': 'https://www.amazon.com/Best-Sellers-Electronics/zgbs/electronics/'}"
https://www.amazon.com/Roku-Streaming-Player-Premium-Headphones/dp/B07WVF9SL5/ref=zg_bs_electronics_45?_encoding=UTF8&psc=1&refRID=GGNJR9AXHDW7SAG05ZFQ,B07WVF9SL5,"{'name': 'electronics', 'url': 'https://www.amazon.com/Best-Sellers-Electronics/zgbs/electronics/'}"
https://www.amazon.com/Capacitive-Stylus-Pen-Multicolor-Touchscreen/dp/B07Y8Q1V1Z/ref=zg_bs_electronics_34?_encoding=UTF8&psc=1&refRID=GGNJR9AXHDW7SAG05ZFQ,B07Y8Q1V1Z,"{'name': 'electronics', 'url': 'https://www.amazon.com/Best-Sellers-Electronics/zgbs/electronics/'}"
https://www.amazon.com/SanDisk-MicroSDXC-Nintendo-Switch-SDSQXAO-128G-GNCZN/dp/B07KXQX3S3/ref=zg_bs_electronics_15?_encoding=UTF8&psc=1&refRID=GGNJR9AXHDW7SAG05ZFQ,B07KXQX3S3,"{'name': 'electronics', 'url': 'https://www.amazon.com/Best-Sellers-Electronics/zgbs/electronics/'}"
https://www.amazon.com/Wyze-Indoor-Wireless-Camera-Vision/dp/B07G2YR23M/ref=zg_bs_electronics_43?_encoding=UTF8&psc=1&refRID=GGNJR9AXHDW7SAG05ZFQ,B07G2YR23M,"{'name': 'electronics', 'url': 'https://www.amazon.com/Best-Sellers-Electronics/zgbs/electronics/'}"
https://www.amazon.com/Echo-Show-8/dp/B07PF1Y28C/ref=zg_bs_electronics_36?_encoding=UTF8&psc=1&refRID=GGNJR9AXHDW7SAG05ZFQ,B07PF1Y28C,"{'name': 'electronics', 'url': 'https://www.amazon.com/Best-Sellers-Electronics/zgbs/electronics/'}"
https://www.amazon.com/Roku-Express-Streaming-Media-Player/dp/B07WVFCVJN/ref=zg_bs_electronics_4?_encoding=UTF8&psc=1&refRID=GGNJR9AXHDW7SAG05ZFQ,B07WVFCVJN,"{'name': 'electronics', 'url': 'https://www.amazon.com/Best-Sellers-Electronics/zgbs/electronics/'}"
https://www.amazon.com/Sabrent-4-Port-Individual-Switches-HB-UMLS/dp/B00BWF5U0M/ref=zg_bs_electronics_24?_encoding=UTF8&psc=1&refRID=GGNJR9AXHDW7SAG05ZFQ,B00BWF5U0M,"{'name': 'electronics', 'url': 'https://www.amazon.com/Best-Sellers-Electronics/zgbs/electronics/'}"
https://www.amazon.com/Kindle-Paperwhite-Waterproof-Storage-Special/dp/B07PS737QQ/ref=zg_bs_electronics_41?_encoding=UTF8&psc=1&refRID=GGNJR9AXHDW7SAG05ZFQ,B07PS737QQ,"{'name': 'electronics', 'url': 'https://www.amazon.com/Best-Sellers-Electronics/zgbs/electronics/'}"
https://www.amazon.com/Echo-Dot/dp/B07PDHSLM6/ref=zg_bs_electronics_17?_encoding=UTF8&psc=1&refRID=GGNJR9AXHDW7SAG05ZFQ,B07PDHSLM6,"{'name': 'electronics', 'url': 'https://www.amazon.com/Best-Sellers-Electronics/zgbs/electronics/'}"
https://www.amazon.com/Sceptre-E205W-16003R-Frameless-Speakers-Metallic/dp/B07743412C/ref=zg_bs_electronics_32?_encoding=UTF8&psc=1&refRID=GGNJR9AXHDW7SAG05ZFQ,B07743412C,"{'name': 'electronics', 'url': 'https://www.amazon.com/Best-Sellers-Electronics/zgbs/electronics/'}"
https://www.amazon.com/Acer-SB220Q-Ultra-Thin-Frame-Monitor/dp/B07CVL2D2S/ref=zg_bs_electronics_14?_encoding=UTF8&psc=1&refRID=GGNJR9AXHDW7SAG05ZFQ,B07CVL2D2S,"{'name': 'electronics', 'url': 'https://www.amazon.com/Best-Sellers-Electronics/zgbs/electronics/'}"
https://www.amazon.com/Fire-Tablet-7/dp/B07FKR6KXF/ref=zg_bs_electronics_25?_encoding=UTF8&psc=1&refRID=GGNJR9AXHDW7SAG05ZFQ,B07FKR6KXF,"{'name': 'electronics', 'url': 'https://www.amazon.com/Best-Sellers-Electronics/zgbs/electronics/'}"
https://www.amazon.com/All-new-Blink-Outdoor-Security-included/dp/B07MMZF2BF/ref=zg_bs_electronics_49?_encoding=UTF8&psc=1&refRID=GGNJR9AXHDW7SAG05ZFQ,B07MMZF2BF,"{'name': 'electronics', 'url': 'https://www.amazon.com/Best-Sellers-Electronics/zgbs/electronics/'}"
https://www.amazon.com/Fitbit-Fitness-Smartwatch-Tracking-Included/dp/B07TWFVDWT/ref=zg_bs_electronics_22?_encoding=UTF8&psc=1&refRID=GGNJR9AXHDW7SAG05ZFQ,B07TWFVDWT,"{'name': 'electronics', 'url': 'https://www.amazon.com/Best-Sellers-Electronics/zgbs/electronics/'}"
https://www.amazon.com/Bototek-Protector-Charging-Extension-Smartphone/dp/B07MVZZV3G/ref=zg_bs_electronics_31?_encoding=UTF8&psc=1&refRID=GGNJR9AXHDW7SAG05ZFQ,B07MVZZV3G,"{'name': 'electronics', 'url': 'https://www.amazon.com/Best-Sellers-Electronics/zgbs/electronics/'}"
https://www.amazon.com/all-new-Echo/dp/B07NFTVP7P/ref=zg_bs_electronics_27?_encoding=UTF8&psc=1&refRID=GGNJR9AXHDW7SAG05ZFQ,B07NFTVP7P,"{'name': 'electronics', 'url': 'https://www.amazon.com/Best-Sellers-Electronics/zgbs/electronics/'}"
https://www.amazon.com/OHill-Organizer-Management-Organizing-Adhesive/dp/B071FXZBMV/ref=zg_bs_electronics_40?_encoding=UTF8&psc=1&refRID=GGNJR9AXHDW7SAG05ZFQ,B071FXZBMV,"{'name': 'electronics', 'url': 'https://www.amazon.com/Best-Sellers-Electronics/zgbs/electronics/'}"
https://www.amazon.com/TP-Link-AC1750-Smart-WiFi-Router/dp/B079JD7F7G/ref=zg_bs_electronics_8?_encoding=UTF8&psc=1&refRID=GGNJR9AXHDW7SAG05ZFQ,B079JD7F7G,"{'name': 'electronics', 'url': 'https://www.amazon.com/Best-Sellers-Electronics/zgbs/electronics/'}"
https://www.amazon.com/Echo-Dot-3rd-Gen-Sandstone/dp/B07PGL2N7J/ref=zg_bs_electronics_11?_encoding=UTF8&psc=1&refRID=GGNJR9AXHDW7SAG05ZFQ,B07PGL2N7J,"{'name': 'electronics', 'url': 'https://www.amazon.com/Best-Sellers-Electronics/zgbs/electronics/'}"
https://www.amazon.com/All-New-Fire-Tablet-Display-Marine/dp/B0794Y5P5C/ref=zg_bs_electronics_20?_encoding=UTF8&psc=1&refRID=GGNJR9AXHDW7SAG05ZFQ,B0794Y5P5C,"{'name': 'electronics', 'url': 'https://www.amazon.com/Best-Sellers-Electronics/zgbs/electronics/'}"
https://www.amazon.com/Sceptre-Curved-Monitor-Speakers-C248W-1920RN/dp/B07KXSR99Y/ref=zg_bs_electronics_10?_encoding=UTF8&psc=1&refRID=GGNJR9AXHDW7SAG05ZFQ,B07KXSR99Y,"{'name': 'electronics', 'url': 'https://www.amazon.com/Best-Sellers-Electronics/zgbs/electronics/'}"
https://www.amazon.com/Wyze-1080p-Indoor-Camera-Vision/dp/B07DGR98VQ/ref=zg_bs_electronics_21?_encoding=UTF8&psc=1&refRID=GGNJR9AXHDW7SAG05ZFQ,B07DGR98VQ,"{'name': 'electronics', 'url': 'https://www.amazon.com/Best-Sellers-Electronics/zgbs/electronics/'}"
https://www.amazon.com/Echo-Dot/dp/B07N8RPRF7/ref=zg_bs_electronics_7?_encoding=UTF8&psc=1&refRID=GGNJR9AXHDW7SAG05ZFQ,B07N8RPRF7,"{'name': 'electronics', 'url': 'https://www.amazon.com/Best-Sellers-Electronics/zgbs/electronics/'}"
https://www.amazon.com/Ring-8AB1S7-0EU0-Rechargeable-Battery-Pack/dp/B076JKHDQT/ref=zg_bs_electronics_26?_encoding=UTF8&psc=1&refRID=GGNJR9AXHDW7SAG05ZFQ,B076JKHDQT,"{'name': 'electronics', 'url': 'https://www.amazon.com/Best-Sellers-Electronics/zgbs/electronics/'}"
https://www.amazon.com/Echo-Dot/dp/B07FZ8S74R/ref=zg_bs_electronics_2?_encoding=UTF8&psc=1&refRID=GGNJR9AXHDW7SAG05ZFQ,B07FZ8S74R,"{'name': 'electronics', 'url': 'https://www.amazon.com/Best-Sellers-Electronics/zgbs/electronics/'}"
https://www.amazon.com/Apple-iPad-10-2-Inch-Wi-Fi-32GB/dp/B07XL7G4H6/ref=zg_bs_electronics_5?_encoding=UTF8&psc=1&refRID=GGNJR9AXHDW7SAG05ZFQ,B07XL7G4H6,"{'name': 'electronics', 'url': 'https://www.amazon.com/Best-Sellers-Electronics/zgbs/electronics/'}"
https://www.amazon.com/Amazon-Smart-Plug-works-Alexa/dp/B01MZEEFNX/ref=zg_bs_electronics_50?_encoding=UTF8&psc=1&refRID=GGNJR9AXHDW7SAG05ZFQ,B01MZEEFNX,"{'name': 'electronics', 'url': 'https://www.amazon.com/Best-Sellers-Electronics/zgbs/electronics/'}"
https://www.amazon.com/All-New-Fire-Tablet-Display-Punch/dp/B078HNTH41/ref=zg_bs_electronics_29?_encoding=UTF8&psc=1&refRID=GGNJR9AXHDW7SAG05ZFQ,B078HNTH41,"{'name': 'electronics', 'url': 'https://www.amazon.com/Best-Sellers-Electronics/zgbs/electronics/'}"
https://www.amazon.com/Hanes-Beefy-T-Adult-Short-Sleeve-T-Shirt/dp/B004COBWOI/ref=zg_bs_fashion_34?_encoding=UTF8&psc=1&refRID=M4P7EFK0DWPMB3G1P3S6,B004COBWOI,"{'name': 'fashion', 'url': 'https://www.amazon.com/Best-Sellers/zgbs/fashion/'}"
https://www.amazon.com/Hanes-Ecosmart-Fleece-Sweatshirt-Forest/dp/B01L8JJ7XW/ref=zg_bs_fashion_6?_encoding=UTF8&psc=1&refRID=M4P7EFK0DWPMB3G1P3S6,B01L8JJ7XW,"{'name': 'fashion', 'url': 'https://www.amazon.com/Best-Sellers/zgbs/fashion/'}"
https://www.amazon.com/Levis-Regular-Fit-Jeans-Medium-Stonewash/dp/B0018QS7CI/ref=zg_bs_fashion_29?_encoding=UTF8&psc=1&refRID=M4P7EFK0DWPMB3G1P3S6,B0018QS7CI,"{'name': 'fashion', 'url': 'https://www.amazon.com/Best-Sellers/zgbs/fashion/'}"
https://www.amazon.com/Novelty-Bandanas-Paisley-Cotton-Brown/dp/B00II9UNAM/ref=zg_bs_fashion_16?_encoding=UTF8&psc=1&refRID=M4P7EFK0DWPMB3G1P3S6,B00II9UNAM,"{'name': 'fashion', 'url': 'https://www.amazon.com/Best-Sellers/zgbs/fashion/'}"
https://www.amazon.com/Fruit-Loom-CoolZone-Briefs-Argyle/dp/B07P7KP1SV/ref=zg_bs_fashion_11?_encoding=UTF8&psc=1&refRID=M4P7EFK0DWPMB3G1P3S6,B07P7KP1SV,"{'name': 'fashion', 'url': 'https://www.amazon.com/Best-Sellers/zgbs/fashion/'}"
https://www.amazon.com/Levis-Bandanas-100-Cotton-Headband/dp/B009YQX1SO/ref=zg_bs_fashion_10?_encoding=UTF8&psc=1&refRID=M4P7EFK0DWPMB3G1P3S6,B009YQX1SO,"{'name': 'fashion', 'url': 'https://www.amazon.com/Best-Sellers/zgbs/fashion/'}"
https://www.amazon.com/Hanes-Womens-Middle-Sweatpant-Heather/dp/B0169P8OZC/ref=zg_bs_fashion_44?_encoding=UTF8&psc=1&refRID=M4P7EFK0DWPMB3G1P3S6,B0169P8OZC,"{'name': 'fashion', 'url': 'https://www.amazon.com/Best-Sellers/zgbs/fashion/'}"
https://www.amazon.com/Gildan-Mens-T-Shirt-Assortment-Small/dp/B077ZKF9ZN/ref=zg_bs_fashion_8?_encoding=UTF8&psc=1&refRID=M4P7EFK0DWPMB3G1P3S6,B077ZKF9ZN,"{'name': 'fashion', 'url': 'https://www.amazon.com/Best-Sellers/zgbs/fashion/'}"
https://www.amazon.com/Champion-Short-Pockets-Black-Small/dp/B0036OS6KS/ref=zg_bs_fashion_41?_encoding=UTF8&psc=1&refRID=M4P7EFK0DWPMB3G1P3S6,B0036OS6KS,"{'name': 'fashion', 'url': 'https://www.amazon.com/Best-Sellers/zgbs/fashion/'}"
https://www.amazon.com/Amazon-Essentials-Classic-Fit-Short-Sleeve-T-Shirt/dp/B07752LYFW/ref=zg_bs_fashion_17?_encoding=UTF8&psc=1&refRID=M4P7EFK0DWPMB3G1P3S6,B07752LYFW,"{'name': 'fashion', 'url': 'https://www.amazon.com/Best-Sellers/zgbs/fashion/'}"
https://www.amazon.com/Crocs-Baby-Littles-Clog-Infant-Lavender/dp/B07HHSX6B7/ref=zg_bs_fashion_15?_encoding=UTF8&psc=1&refRID=M4P7EFK0DWPMB3G1P3S6,B07HHSX6B7,"{'name': 'fashion', 'url': 'https://www.amazon.com/Best-Sellers/zgbs/fashion/'}"
https://www.amazon.com/Baleaf-Womens-Workout-Control-Pockets/dp/B07LF27WBQ/ref=zg_bs_fashion_28?_encoding=UTF8&psc=1&refRID=M4P7EFK0DWPMB3G1P3S6,B07LF27WBQ,"{'name': 'fashion', 'url': 'https://www.amazon.com/Best-Sellers/zgbs/fashion/'}"
https://www.amazon.com/UHEREBUY-Gaiter-Scarf-Protection-Headwear/dp/B07XYNQ2ST/ref=zg_bs_fashion_14?_encoding=UTF8&psc=1&refRID=M4P7EFK0DWPMB3G1P3S6,B07XYNQ2ST,"{'name': 'fashion', 'url': 'https://www.amazon.com/Best-Sellers/zgbs/fashion/'}"
https://www.amazon.com/Hanes-Womens-Jersey-Short-Black/dp/B016YKIBHS/ref=zg_bs_fashion_12?_encoding=UTF8&psc=1&refRID=M4P7EFK0DWPMB3G1P3S6,B016YKIBHS,"{'name': 'fashion', 'url': 'https://www.amazon.com/Best-Sellers/zgbs/fashion/'}"
https://www.amazon.com/Gerber-5-Pack-Onesies-Bodysuits-Newborn/dp/B007CRR7YQ/ref=zg_bs_fashion_32?_encoding=UTF8&psc=1&refRID=M4P7EFK0DWPMB3G1P3S6,B007CRR7YQ,"{'name': 'fashion', 'url': 'https://www.amazon.com/Best-Sellers/zgbs/fashion/'}"
https://www.amazon.com/Konikit-Seamless-Headband-Bandanas-Balaclavas/dp/B086X239YW/ref=zg_bs_fashion_18?_encoding=UTF8&psc=1&refRID=M4P7EFK0DWPMB3G1P3S6,B086X239YW,"{'name': 'fashion', 'url': 'https://www.amazon.com/Best-Sellers/zgbs/fashion/'}"
https://www.amazon.com/Amazon-Essentials-Short-Sleeve-Crewneck-T-Shirt/dp/B07756KYJJ/ref=zg_bs_fashion_39?_encoding=UTF8&psc=1&refRID=M4P7EFK0DWPMB3G1P3S6,B07756KYJJ,"{'name': 'fashion', 'url': 'https://www.amazon.com/Best-Sellers/zgbs/fashion/'}"
https://www.amazon.com/Hanes-ComfortSoft-Cotton-T-Shirt-Black-Steel-S-2PK/dp/B018MS63B6/ref=zg_bs_fashion_47?_encoding=UTF8&psc=1&refRID=M4P7EFK0DWPMB3G1P3S6,B018MS63B6,"{'name': 'fashion', 'url': 'https://www.amazon.com/Best-Sellers/zgbs/fashion/'}"
https://www.amazon.com/Rebirth-Shop-Anti-Haze-Breathable-Lightweight/dp/B08767JLB8/ref=zg_bs_fashion_36?_encoding=UTF8&psc=1&refRID=M4P7EFK0DWPMB3G1P3S6,B08767JLB8,"{'name': 'fashion', 'url': 'https://www.amazon.com/Best-Sellers/zgbs/fashion/'}"
https://www.amazon.com/Fruit-Loom-womens-Cotton-Pullover/dp/B07K9C8NRT/ref=zg_bs_fashion_45?_encoding=UTF8&psc=1&refRID=M4P7EFK0DWPMB3G1P3S6,B07K9C8NRT,"{'name': 'fashion', 'url': 'https://www.amazon.com/Best-Sellers/zgbs/fashion/'}"
https://www.amazon.com/Fruit-Loom-Womens-Built-Up-Sports/dp/B07KL1WLG6/ref=zg_bs_fashion_26?_encoding=UTF8&psc=1&refRID=M4P7EFK0DWPMB3G1P3S6,B07KL1WLG6,"{'name': 'fashion', 'url': 'https://www.amazon.com/Best-Sellers/zgbs/fashion/'}"
https://www.amazon.com/Carhartt-Workwear-Pocket-Short-Sleeve-T-Shirt/dp/B0007XB2Y8/ref=zg_bs_fashion_1?_encoding=UTF8&psc=1&refRID=M4P7EFK0DWPMB3G1P3S6,B0007XB2Y8,"{'name': 'fashion', 'url': 'https://www.amazon.com/Best-Sellers/zgbs/fashion/'}"
https://www.amazon.com/Bali-Designs-Womens-Comfort-Revolution/dp/B06X1BWH4S/ref=zg_bs_fashion_21?_encoding=UTF8&psc=1&refRID=M4P7EFK0DWPMB3G1P3S6,B06X1BWH4S,"{'name': 'fashion', 'url': 'https://www.amazon.com/Best-Sellers/zgbs/fashion/'}"
https://www.amazon.com/Amazon-Essentials-2-Pack-Loose-Fit-Performance/dp/B0719SF8JT/ref=zg_bs_fashion_46?_encoding=UTF8&psc=1&refRID=M4P7EFK0DWPMB3G1P3S6,B0719SF8JT,"{'name': 'fashion', 'url': 'https://www.amazon.com/Best-Sellers/zgbs/fashion/'}"
https://www.amazon.com/Balaclava-Protection-Women-Gaiters-Bandana/dp/B086X8X7BR/ref=zg_bs_fashion_48?_encoding=UTF8&psc=1&refRID=M4P7EFK0DWPMB3G1P3S6,B086X8X7BR,"{'name': 'fashion', 'url': 'https://www.amazon.com/Best-Sellers/zgbs/fashion/'}"
https://www.amazon.com/Gildan-Fleece-Crewneck-Sweatshirt-3X-Large/dp/B07MKKRM7L/ref=zg_bs_fashion_31?_encoding=UTF8&psc=1&refRID=M4P7EFK0DWPMB3G1P3S6,B07MKKRM7L,"{'name': 'fashion', 'url': 'https://www.amazon.com/Best-Sellers/zgbs/fashion/'}"
https://www.amazon.com/crocs-Unisex-Classic-White-Women/dp/B00152AGEW/ref=zg_bs_fashion_4?_encoding=UTF8&psc=1&refRID=M4P7EFK0DWPMB3G1P3S6,B00152AGEW,"{'name': 'fashion', 'url': 'https://www.amazon.com/Best-Sellers/zgbs/fashion/'}"
https://www.amazon.com/Gildan-Cotton-Sleeve-T-Shirt-2-Pack/dp/B076831CCJ/ref=zg_bs_fashion_43?_encoding=UTF8&psc=1&refRID=M4P7EFK0DWPMB3G1P3S6,B076831CCJ,"{'name': 'fashion', 'url': 'https://www.amazon.com/Best-Sellers/zgbs/fashion/'}"
https://www.amazon.com/TIJN-Blocking-Glasses-Vintage-Eyeglasses/dp/B07JVCSB29/ref=zg_bs_fashion_23?_encoding=UTF8&psc=1&refRID=M4P7EFK0DWPMB3G1P3S6,B07JVCSB29,"{'name': 'fashion', 'url': 'https://www.amazon.com/Best-Sellers/zgbs/fashion/'}"
https://www.amazon.com/iHeartRaves-Skeleton-Multi-functional-Seamless-Bandana/dp/B015YGSG0U/ref=zg_bs_fashion_3?_encoding=UTF8&psc=1&refRID=M4P7EFK0DWPMB3G1P3S6,B015YGSG0U,"{'name': 'fashion', 'url': 'https://www.amazon.com/Best-Sellers/zgbs/fashion/'}"
https://www.amazon.com/Hudson-Baby-Sleeveless-Bodysuits-Baseball/dp/B07DPWTB9L/ref=zg_bs_fashion_42?_encoding=UTF8&psc=1&refRID=M4P7EFK0DWPMB3G1P3S6,B07DPWTB9L,"{'name': 'fashion', 'url': 'https://www.amazon.com/Best-Sellers/zgbs/fashion/'}"
https://www.amazon.com/YIANNA-Underbust-Trainer-Corsets-Hourglass/dp/B0101BQV2I/ref=zg_bs_fashion_33?_encoding=UTF8&psc=1&refRID=M4P7EFK0DWPMB3G1P3S6,B0101BQV2I,"{'name': 'fashion', 'url': 'https://www.amazon.com/Best-Sellers/zgbs/fashion/'}"
https://www.amazon.com/Amazon-Essentials-Stretch-10-Pack-X-Small/dp/B07CJWMX3C/ref=zg_bs_fashion_7?_encoding=UTF8&psc=1&refRID=M4P7EFK0DWPMB3G1P3S6,B07CJWMX3C,"{'name': 'fashion', 'url': 'https://www.amazon.com/Best-Sellers/zgbs/fashion/'}"
https://www.amazon.com/Warners-Blissful-Benefits-Hipster-Flamingo/dp/B076DW34RL/ref=zg_bs_fashion_5?_encoding=UTF8&psc=1&refRID=M4P7EFK0DWPMB3G1P3S6,B076DW34RL,"{'name': 'fashion', 'url': 'https://www.amazon.com/Best-Sellers/zgbs/fashion/'}"
https://www.amazon.com/Hanes-Pullover-EcoSmart-Fleece-Sweatshirt/dp/B072LZTRVC/ref=zg_bs_fashion_13?_encoding=UTF8&psc=1&refRID=M4P7EFK0DWPMB3G1P3S6,B072LZTRVC,"{'name': 'fashion', 'url': 'https://www.amazon.com/Best-Sellers/zgbs/fashion/'}"
https://www.amazon.com/Crocs-Classic-Graphic-Multi-Women/dp/B07GTBP825/ref=zg_bs_fashion_35?_encoding=UTF8&psc=1&refRID=M4P7EFK0DWPMB3G1P3S6,B07GTBP825,"{'name': 'fashion', 'url': 'https://www.amazon.com/Best-Sellers/zgbs/fashion/'}"
https://www.amazon.com/adidas-Adilette-Shower-Slide-Sandal/dp/B07SBR3TLB/ref=zg_bs_fashion_38?_encoding=UTF8&psc=1&refRID=M4P7EFK0DWPMB3G1P3S6,B07SBR3TLB,"{'name': 'fashion', 'url': 'https://www.amazon.com/Best-Sellers/zgbs/fashion/'}"
https://www.amazon.com/INTO-AM-Paint-Splatter-Seamless/dp/B07B69CFJF/ref=zg_bs_fashion_2?_encoding=UTF8&psc=1&refRID=M4P7EFK0DWPMB3G1P3S6,B07B69CFJF,"{'name': 'fashion', 'url': 'https://www.amazon.com/Best-Sellers/zgbs/fashion/'}"
https://www.amazon.com/Dickies-Multi-Pack-Dri-Tech-Moisture-Control/dp/B01N6YAVNM/ref=zg_bs_fashion_19?_encoding=UTF8&psc=1&refRID=M4P7EFK0DWPMB3G1P3S6,B01N6YAVNM,"{'name': 'fashion', 'url': 'https://www.amazon.com/Best-Sellers/zgbs/fashion/'}"
https://www.amazon.com/Gildan-Fleece-Sweatshirt-G18500-3X-Large/dp/B07MGYGYY8/ref=zg_bs_fashion_50?_encoding=UTF8&psc=1&refRID=M4P7EFK0DWPMB3G1P3S6,B07MGYGYY8,"{'name': 'fashion', 'url': 'https://www.amazon.com/Best-Sellers/zgbs/fashion/'}"
https://www.amazon.com/BEAUTEVER-Washable-Reusable-Fishing-Women-Black/dp/B087GKBGBL/ref=zg_bs_fashion_49?_encoding=UTF8&psc=1&refRID=M4P7EFK0DWPMB3G1P3S6,B087GKBGBL,"{'name': 'fashion', 'url': 'https://www.amazon.com/Best-Sellers/zgbs/fashion/'}"
https://www.amazon.com/Native-baby-girls-Jefferson-Shoes-Hollywood/dp/B074H87DL9/ref=zg_bs_fashion_40?_encoding=UTF8&psc=1&refRID=M4P7EFK0DWPMB3G1P3S6,B074H87DL9,"{'name': 'fashion', 'url': 'https://www.amazon.com/Best-Sellers/zgbs/fashion/'}"
https://www.amazon.com/Womens-Walking-Shoes-Sock-Sneakers/dp/B07R6R7JV5/ref=zg_bs_fashion_20?_encoding=UTF8&psc=1&refRID=M4P7EFK0DWPMB3G1P3S6,B07R6R7JV5,"{'name': 'fashion', 'url': 'https://www.amazon.com/Best-Sellers/zgbs/fashion/'}"
https://www.amazon.com/Gildan-Ultra-Cotton-Black-Small/dp/B01LZ2WFDA/ref=zg_bs_fashion_24?_encoding=UTF8&psc=1&refRID=M4P7EFK0DWPMB3G1P3S6,B01LZ2WFDA,"{'name': 'fashion', 'url': 'https://www.amazon.com/Best-Sellers/zgbs/fashion/'}"
https://www.amazon.com/VENUZOR-Waist-Trainer-Belt-Women/dp/B0782TSJRT/ref=zg_bs_fashion_25?_encoding=UTF8&psc=1&refRID=M4P7EFK0DWPMB3G1P3S6,B0782TSJRT,"{'name': 'fashion', 'url': 'https://www.amazon.com/Best-Sellers/zgbs/fashion/'}"
https://www.amazon.com/AMiERY-Pajamas-Womens-Drawstring-Palazzo/dp/B073P8H9QG/ref=zg_bs_fashion_37?_encoding=UTF8&psc=1&refRID=M4P7EFK0DWPMB3G1P3S6,B073P8H9QG,"{'name': 'fashion', 'url': 'https://www.amazon.com/Best-Sellers/zgbs/fashion/'}"
https://www.amazon.com/Seamless-Protection-Headwear-Festival-Motorcycle/dp/B0875KCPC5/ref=zg_bs_fashion_27?_encoding=UTF8&psc=1&refRID=M4P7EFK0DWPMB3G1P3S6,B0875KCPC5,"{'name': 'fashion', 'url': 'https://www.amazon.com/Best-Sellers/zgbs/fashion/'}"
https://www.amazon.com/Crocs-Kids-Crocband-Smoke-Toddler/dp/B01HEXGDII/ref=zg_bs_fashion_30?_encoding=UTF8&psc=1&refRID=M4P7EFK0DWPMB3G1P3S6,B01HEXGDII,"{'name': 'fashion', 'url': 'https://www.amazon.com/Best-Sellers/zgbs/fashion/'}"
https://www.amazon.com/Hanes-Womens-T-Shirt-Small-Black/dp/B00KRYLG7U/ref=zg_bs_fashion_22?_encoding=UTF8&psc=1&refRID=M4P7EFK0DWPMB3G1P3S6,B00KRYLG7U,"{'name': 'fashion', 'url': 'https://www.amazon.com/Best-Sellers/zgbs/fashion/'}"
https://www.amazon.com/Achiou-Mask-Dust-Protection-Lightweight-Breathable/dp/B07T2MD442/ref=zg_bs_fashion_9?_encoding=UTF8&psc=1&refRID=M4P7EFK0DWPMB3G1P3S6,B07T2MD442,"{'name': 'fashion', 'url': 'https://www.amazon.com/Best-Sellers/zgbs/fashion/'}"
